,Churn
1548,1
7914,0
815,0
1647,0
290,1
1893,0
2907,0
2143,1
3211,1
4779,0
5302,0
3469,0
3867,0
9629,0
1948,0
5100,1
7036,0
9438,0
6213,0
2946,0
1874,1
1177,0
5264,0
4341,1
4357,0
7372,0
6298,0
2490,1
2155,0
836,0
9042,1
6388,0
6360,1
607,1
4872,0
5615,0
7977,0
1452,0
1845,1
8043,0
5854,0
9144,0
8215,0
2478,1
5347,0
3887,0
7206,0
5912,1
3678,0
9204,0
2351,1
2702,1
8884,0
616,1
8548,0
3467,0
2053,0
396,1
9238,1
6618,0
8899,0
8338,0
4580,1
4448,1
8592,0
4451,0
2214,0
7886,0
2779,0
6994,0
5781,0
4369,0
1241,0
6062,0
4900,1
865,1
3026,1
1556,0
6499,0
9216,0
3308,1
2638,0
100,1
5534,0
637,1
5133,0
5676,0
7725,0
3181,0
1266,1
9888,0
1723,1
6411,0
4880,1
6083,0
184,1
9239,0
2281,1
349,1
4346,0
7731,0
7444,1
620,1
4748,0
7809,0
5021,0
3890,0
85,0
9099,0
7971,0
559,0
9243,0
1567,1
3669,0
6520,0
9041,0
6672,0
3226,1
8522,0
3874,0
1519,0
3755,0
8995,0
9690,0
5165,0
1224,0
2090,0
4868,0
2931,1
6080,0
9703,0
5249,0
3978,0
2461,0
9210,0
5432,0
1964,0
6927,0
7032,0
3608,0
3784,1
9766,0
5397,0
9244,0
2333,0
1494,0
3997,0
94,0
4875,0
7685,0
3691,0
6145,0
1798,0
3809,1
1766,1
5580,0
1384,0
800,1
1578,1
8426,1
6642,0
3654,0
3763,1
9704,0
9808,0
1737,0
1483,0
7940,0
9515,0
6876,0
81,0
3019,0
4588,0
7116,0
4650,1
2740,1
4712,0
9911,0
6162,1
1159,1
1412,1
8628,0
9461,1
3830,0
6245,0
2467,0
8015,1
1055,1
8270,0
768,0
9547,0
6478,0
7539,0
1716,1
9015,0
9844,0
9974,0
4317,0
5218,0
8687,0
3854,0
9962,0
9463,0
3224,0
9572,0
7401,0
9728,0
7263,0
7358,0
4637,0
5660,0
344,0
8019,0
6451,0
7041,0
9206,0
1786,1
1674,0
3901,0
5991,0
8353,0
102,1
8564,0
8374,0
1304,0
8905,0
2310,1
269,1
7115,0
7362,0
9723,0
7972,0
5946,0
3210,0
9904,0
6142,1
7147,0
7834,0
5962,0
907,0
6850,0
1207,0
8168,0
8997,0
1273,1
6610,1
1143,1
2690,1
4819,1
819,1
1822,0
6174,0
6192,0
3000,1
5969,0
126,1
2502,0
8722,0
5233,0
6532,0
5763,0
4937,0
3217,1
3006,1
7790,0
2353,1
5810,0
1279,0
4690,0
2765,0
6477,0
5698,0
5831,0
1027,1
9350,0
492,0
1920,1
3420,1
9662,0
4854,0
9096,0
4476,0
1897,1
6836,1
6404,0
2453,0
3099,0
5404,0
5516,0
4086,1
9956,0
5104,0
6739,0
502,0
231,0
3688,1
9688,0
5842,0
3992,1
8387,0
6557,0
1991,1
2347,0
5819,0
5395,0
114,1
9028,0
9801,1
939,1
8147,0
3040,1
5981,0
4092,1
9927,0
2663,1
7204,0
4322,0
732,1
1318,0
3347,1
260,1
5794,0
4193,1
241,0
4170,0
4711,1
561,1
5492,0
5393,0
5494,0
141,1
2210,0
1515,1
6495,0
2415,0
9945,0
5984,0
5517,0
8990,0
8117,0
4080,0
7293,0
5888,0
5127,0
4284,0
5871,0
6361,0
1198,1
9531,0
5797,0
1194,0
9715,0
3254,0
2115,1
6907,0
8989,0
4364,1
7130,0
3788,0
99,0
7241,0
5979,0
9912,0
9680,0
4334,0
3986,1
8283,0
1896,0
1262,1
9307,0
2135,1
6646,0
568,1
838,0
4252,1
6992,0
9183,0
7299,0
7945,1
7211,0
3032,1
6852,0
5195,1
7877,0
9857,0
9047,1
3059,1
5577,0
4407,1
8260,0
3539,0
6278,0
4753,1
7177,0
5740,0
8967,0
1320,0
352,0
8304,0
9862,0
5636,0
2197,0
3395,1
8174,1
3262,0
5666,0
7371,0
3427,1
8446,0
1708,1
6692,0
2728,1
1456,1
641,1
8165,0
5895,0
1035,0
7965,0
1735,0
2114,1
4280,0
6849,0
4415,0
9755,0
6780,0
3938,1
9577,0
1736,1
5472,0
52,0
4461,1
6144,0
3903,1
4465,0
3750,1
9932,1
2584,1
8932,0
2392,0
2324,0
717,1
5177,1
1422,0
1013,1
4684,1
3003,1
7378,0
1021,1
3331,0
5653,0
7695,0
4919,1
9278,0
2744,1
1678,0
9858,0
3960,1
1111,1
1584,0
5049,0
364,0
681,1
4141,0
5758,0
1921,1
3191,1
7711,0
647,1
5307,0
8788,0
9285,0
4188,1
2853,0
6125,0
5130,0
113,0
4319,0
1185,1
682,0
3080,1
8979,0
9707,0
6438,0
16,1
5268,1
3449,0
3462,0
1846,0
7068,0
2366,1
4542,1
310,0
9035,0
9907,0
1583,1
4563,1
3304,0
4670,0
4365,1
9993,0
4130,1
6843,0
4315,1
2723,1
6549,0
1122,1
3628,0
3381,0
6971,0
3418,1
2139,0
9441,0
8787,1
4240,1
3644,0
6386,0
1728,0
6882,0
6215,0
808,1
1467,1
9117,0
3426,1
6289,0
9637,0
7732,0
4424,0
8224,0
3743,0
6264,0
1551,0
2243,1
1164,0
7330,0
2614,1
3163,0
6741,0
2287,1
2914,1
9387,1
5329,0
3646,0
7785,0
6297,0
1776,1
8306,0
9700,0
2843,1
8536,0
9184,0
240,0
6480,0
3773,1
7192,0
711,0
6944,0
5194,0
4917,1
8357,1
6760,0
5176,0
5045,0
6081,0
9212,0
4775,1
510,0
3507,1
6025,1
7449,0
8542,1
5951,0
6510,0
5390,0
8567,0
9409,0
9655,0
6417,0
1187,0
8555,0
3039,1
7175,0
2019,0
5179,0
9562,0
9081,0
6490,0
7921,0
330,1
3531,0
4258,0
7524,0
5632,0
9903,0
6246,0
3537,0
6115,0
2066,0
8310,0
8871,0
677,0
2781,0
4746,0
1978,0
8214,0
1259,0
1165,1
9573,0
2891,1
4290,0
9514,0
6504,0
7726,0
4225,0
3540,1
1564,0
2683,0
8373,0
3106,1
4944,0
9140,0
2227,0
6789,0
4830,0
1270,1
7991,0
4437,1
9492,1
6176,0
4168,1
1138,0
4072,0
3398,0
41,0
7984,0
2393,1
22,0
4042,1
6103,0
4894,0
2716,0
7599,0
2693,0
589,0
8878,0
7091,0
4457,0
9382,0
1778,1
6632,0
4260,0
9211,0
5902,0
7092,1
1671,0
382,0
7431,0
4171,0
3346,1
9235,0
6442,0
1866,0
3239,1
1638,0
6963,0
5366,0
9771,0
3740,1
3455,0
740,0
7851,0
2216,1
8911,0
2417,1
776,0
9964,0
7086,0
2441,1
4848,0
3889,1
9107,0
8451,0
2473,1
5582,1
1261,0
804,1
7146,1
4606,0
367,0
8307,0
7999,0
1300,1
2164,1
4891,1
7265,0
9095,0
6830,0
7318,0
7240,0
8728,0
8807,0
9524,0
5103,0
2022,0
8423,0
2729,0
6221,0
1838,1
2125,0
5718,0
4523,1
834,1
26,1
1451,0
6422,0
5743,0
3794,1
9847,0
8400,0
4692,0
5206,0
1772,1
4173,0
8401,0
6751,0
3831,1
5034,0
4715,0
2409,1
2245,1
5820,0
3245,0
2051,0
6800,1
3042,0
8625,0
544,1
2480,1
6762,0
5767,0
1916,0
9966,0
37,0
966,1
55,0
4600,0
2833,0
4062,0
5458,0
4237,1
4391,1
549,1
5749,0
5617,0
1627,0
7883,0
3333,0
5469,0
5182,0
5954,0
9897,0
3231,1
9943,0
7013,0
4791,0
266,1
162,0
3201,1
202,1
5433,0
5453,0
8761,0
6676,0
7634,1
1240,1
2595,0
9609,0
5213,0
3465,0
5188,0
9538,0
7298,0
5841,0
9257,0
2377,1
603,0
7825,0
6051,0
1742,1
1060,0
19,1
4767,1
5229,0
1153,0
6076,0
6810,0
4054,1
6205,0
8545,0
5682,0
8293,0
8411,0
7114,0
6502,0
7643,0
8393,0
2354,0
6962,0
6410,0
7830,0
8199,0
7258,0
1815,0
5190,0
183,1
9718,0
9408,0
9533,0
1927,0
9275,0
9557,0
2483,0
5929,0
5714,0
1237,1
5825,0
3352,1
787,0
9302,0
1690,1
4798,0
535,0
1166,1
2680,0
4255,1
2451,1
3474,0
3944,1
7420,0
4147,0
6449,0
2890,1
9229,0
5336,0
6428,0
8302,0
6317,0
8018,0
6116,0
2533,0
5692,0
6252,0
389,1
7937,0
8458,0
531,0
9321,0
7042,1
3811,0
3367,0
8706,0
5960,0
5790,0
6938,0
9289,0
6726,0
7243,0
7891,0
999,1
2730,0
1471,0
2599,0
498,0
840,1
8896,0
6384,0
5280,0
2697,1
749,0
9427,0
1952,0
3325,0
8544,0
2573,1
7808,0
5898,1
2201,0
4863,0
2184,1
2440,0
6699,0
6228,0
2627,1
9831,0
8431,0
2989,1
5056,0
8294,0
1601,1
2904,0
8027,0
5695,0
7409,0
8862,0
8263,0
8106,0
6020,0
1794,0
473,0
7533,0
2865,0
8971,0
7485,0
5365,0
3387,0
6066,0
6333,0
7826,0
9417,0
3169,1
8546,0
5906,0
9544,1
698,1
4857,1
1092,0
253,1
1348,0
5425,0
9877,0
1322,0
8377,1
7153,0
4169,1
6647,0
889,1
4907,1
2040,0
6990,0
5900,0
1126,0
3780,1
4312,0
3142,0
9110,0
2952,0
6786,0
4869,0
1432,1
3241,1
3165,1
8363,0
1664,0
108,1
350,1
4392,0
4656,1
683,0
2327,1
1102,0
6785,0
2449,0
1785,1
3598,1
4665,1
5875,0
5303,0
2329,1
7604,0
9998,0
368,0
8730,0
8075,0
4283,1
4036,0
9388,0
3345,1
506,0
4795,1
7274,0
2505,0
4370,1
1675,1
9,0
8416,0
106,1
7060,0
2132,1
8791,0
6918,0
2948,0
4722,0
5761,0
4512,1
3508,1
35,1
7535,0
4110,0
8590,0
3340,1
951,1
6113,0
831,1
5777,0
8778,0
591,1
8958,1
8850,0
7149,0
8741,0
8003,0
1293,0
7676,0
1180,0
7906,0
1518,0
5478,0
8821,0
1202,0
4229,1
2277,0
9529,0
1974,1
6049,0
1876,1
5874,1
6436,0
1910,1
1395,1
9821,1
7559,0
8648,0
5043,0
6648,0
657,0
8207,0
9542,0
4413,0
3932,0
8169,0
1906,1
1150,0
5076,0
315,0
5041,0
2652,1
6102,0
675,1
9838,0
649,0
5822,0
6181,0
7614,0
5667,0
6059,0
1903,0
7098,0
2442,1
7067,0
2158,1
7635,1
2332,1
8122,0
4776,1
1310,0
8925,0
2456,1
3902,0
6310,0
2709,0
1726,1
2863,1
6770,0
3804,1
2951,1
5744,0
4971,1
6888,0
7631,0
3485,0
3404,1
7932,0
5814,0
4769,0
8708,0
9732,0
9419,0
4405,1
8226,0
8101,0
3338,0
3494,0
6790,0
820,1
4204,0
9618,0
2915,1
6019,0
8479,0
6014,1
4666,1
4998,0
2646,0
9770,0
6564,0
3250,1
6761,0
9009,0
9985,0
4987,1
2834,1
728,0
4660,0
922,0
6562,1
9472,0
6529,0
913,1
1264,1
4664,0
959,0
9399,0
3491,1
3578,1
6216,0
2555,1
8221,1
2231,1
3579,0
9056,0
4248,1
9965,0
1541,0
5989,0
7489,0
9591,0
4965,1
453,0
4355,0
6847,0
6934,0
2403,1
7441,0
5881,0
1823,0
1977,0
660,1
34,1
1764,0
285,0
5084,0
268,1
934,1
9338,0
7813,0
216,0
583,0
6283,0
6772,0
5476,0
5726,0
500,0
6379,0
4336,0
6009,1
6823,0
4209,1
3187,0
5639,0
5215,0
4533,1
5318,0
8572,0
4805,1
1450,0
7521,0
7361,0
4787,1
4973,1
2382,0
4829,0
2506,0
236,1
1105,0
8014,0
3998,1
5756,0
6256,0
6227,0
7277,0
7471,0
9820,0
739,1
1629,0
9854,0
9617,0
9884,0
249,0
2770,0
4573,0
5386,0
6678,0
6329,0
2518,1
7730,0
2111,1
9989,0
7448,0
8136,0
4400,0
6416,0
8203,0
8655,0
5203,0
6572,0
3666,0
2314,1
372,0
4456,0
5222,0
5077,1
3832,0
2373,1
6539,0
6423,0
7565,0
6061,1
1352,1
103,0
3738,0
5115,0
2962,1
6355,0
9709,0
7245,0
1911,1
9207,0
5293,0
1121,0
4835,1
1941,1
6409,0
5545,0
386,0
8145,0
2390,0
4738,1
1430,1
6226,1
6831,0
7025,0
3293,0
1335,1
4680,1
5848,0
3987,1
1460,0
7849,0
7388,0
814,0
197,0
1229,1
3478,1
385,0
9128,0
9990,0
1607,0
6765,0
3862,1
4219,1
86,0
6287,0
3186,1
3279,1
911,1
1762,1
3447,0
7523,0
6060,0
7888,0
1663,0
8329,0
9539,0
7062,0
5111,0
9819,0
9795,0
2737,0
7498,0
7929,0
4750,1
1531,1
8652,0
778,0
9139,0
2710,1
3349,0
7447,0
4879,0
2028,1
7138,0
4772,1
3030,0
5917,1
5766,0
8103,0
6687,0
1254,0
4963,1
9091,0
6735,0
7099,0
8973,0
5742,0
8047,0
188,0
6457,0
43,0
7770,0
7786,0
3736,1
9088,0
4621,0
8557,0
3222,1
7169,0
5422,0
3410,0
9504,0
2630,1
6982,0
3896,0
3005,1
9991,0
584,0
2836,0
5571,0
5594,0
70,1
2911,0
3184,0
390,1
7563,0
3663,1
9681,0
6542,0
7234,0
3047,0
9120,0
8993,0
519,1
5940,0
2591,0
7549,0
5345,0
3877,0
7117,0
953,1
1835,0
355,0
6569,0
9846,0
4161,0
2552,1
2519,0
1803,1
9327,0
1788,1
3818,0
1184,1
5721,0
1385,1
6901,0
5621,0
7472,0
4070,1
7193,0
5565,0
4867,0
9200,0
78,1
8676,0
4726,0
5446,0
3448,0
9045,0
7221,0
8966,0
9162,0
6890,0
4443,0
5919,0
125,0
7486,0
5546,0
3884,1
8308,0
2503,0
1344,1
3758,1
3808,1
2069,0
7459,0
7402,0
3051,0
494,0
1918,0
3621,0
8126,0
8620,0
3805,0
194,1
142,0
9579,0
9017,0
1520,1
3385,1
0,0
2771,1
2885,0
2726,1
3079,0
6377,0
8366,0
8794,0
3409,0
3489,0
3657,0
8285,1
8245,0
5715,0
7926,0
7713,0
450,0
1847,1
9359,0
1131,0
172,0
1571,0
427,0
3937,1
3720,1
9083,0
1909,0
1954,0
5071,0
780,0
5628,0
560,1
1170,0
4097,0
4462,1
8327,0
4350,1
1987,1
3414,0
2545,1
2699,0
8638,0
5846,0
4825,0
4044,1
9006,0
6945,0
1052,1
7465,0
2718,1
7121,0
1642,0
3264,1
7458,0
4495,0
4379,0
6638,0
1967,0
4555,1
871,0
2978,0
9346,0
3185,0
6881,0
272,1
6229,0
4813,0
3849,1
8588,0
7983,0
4649,0
5581,0
9745,0
1359,1
8893,1
2882,0
1724,0
6813,0
7829,0
5862,0
3394,1
3718,0
2426,0
6575,1
4777,1
2979,0
1907,1
7682,0
7792,0
8033,0
3961,0
1544,1
9616,0
7610,0
3444,0
1147,1
668,0
9138,0
9322,0
9489,0
2118,1
2181,1
8204,1
9116,0
2793,0
6578,0
1787,0
9589,0
9109,0
552,1
7395,0
298,0
1489,0
5304,0
6991,0
8078,0
7334,0
6582,0
7543,0
4344,0
9499,0
2685,0
3372,0
7687,1
750,0
9454,0
4672,0
1095,0
9500,0
3125,1
1294,0
1490,1
5949,0
816,1
8667,0
8645,0
5555,0
2299,0
6294,0
9127,0
4022,0
6414,0
6857,0
6082,1
7267,0
6163,0
8317,0
3249,1
760,0
533,0
8881,0
6521,0
1077,0
1393,0
84,0
2991,0
3330,0
7308,0
8395,0
7349,0
2523,1
7303,0
7259,0
4587,0
5684,0
1747,1
5296,0
490,1
9747,1
8747,0
9143,0
9097,0
4964,1
3605,0
2568,1
9374,0
3648,0
7904,0
7476,0
9601,0
73,1
4552,1
53,1
1162,1
2969,0
3538,1
6955,0
9023,1
6824,0
9776,0
6988,0
5072,0
7969,0
1622,0
5968,0
6775,0
433,1
4305,1
250,0
1458,0
45,1
4730,0
7578,0
8867,0
2782,1
8824,0
1693,0
9743,0
9915,1
9580,0
4693,0
1462,0
9187,0
2269,0
6257,0
1652,1
9242,0
5490,0
66,1
4871,1
9272,0
2871,0
5880,0
444,0
366,1
9830,0
1110,0
1285,1
4381,0
9916,0
3927,0
4596,0
5108,0
4678,1
7968,0
3914,1
1593,0
8108,0
8732,0
5351,0
1478,1
6621,0
4338,1
1832,0
9889,0
4031,0
5780,0
7440,0
2238,0
7141,0
6011,0
774,0
1925,0
3739,1
4013,1
2234,1
6694,0
5227,0
9034,0
1729,1
4473,0
9880,0
1863,0
764,0
1215,0
520,0
416,0
8929,1
1926,0
8129,0
6911,0
4105,1
5934,0
4759,1
7531,0
5915,0
419,0
7556,0
2290,1
2344,0
8693,0
6441,0
7938,0
5163,0
7451,0
63,0
3141,1
1272,0
6634,0
9270,0
9092,0
4625,0
8189,0
3212,1
1316,0
7994,0
8090,0
941,1
4929,0
7603,0
9878,0
9190,0
1701,1
817,0
7637,0
5398,1
6811,0
6548,0
2362,0
4419,0
5282,0
6045,0
5381,0
7767,0
3742,1
6799,0
6314,0
8427,0
2460,1
1829,1
3757,0
1697,1
3115,1
8949,0
5999,0
4154,1
8913,0
8898,0
3956,0
4470,1
8907,0
9794,0
233,0
5833,0
3295,1
2474,1
945,1
3,0
2760,1
3116,0
8533,0
3341,0
198,0
1789,1
6749,0
6791,0
4085,0
4920,0
5496,0
5925,0
6752,0
7920,0
7173,0
4510,0
9215,0
3521,1
4359,1
75,1
596,1
7436,0
915,0
3590,0
2163,1
8481,0
4066,1
9684,0
403,1
7633,0
9375,0
6000,0
9722,0
964,0
8639,0
213,0
9748,0
8684,0
4709,0
4469,1
8437,0
4836,1
5705,0
1709,1
2757,1
7900,0
8229,0
9371,0
5543,0
4126,0
6027,0
1586,0
3543,1
7831,0
5463,0
8118,0
2080,1
2348,1
7560,0
4808,1
2825,0
2763,1
8815,0
5905,0
3725,0
9517,0
237,1
4157,1
7351,0
5362,0
7310,0
1373,0
4551,1
7584,0
5372,0
5611,0
1816,0
8421,0
7956,0
631,1
4843,1
2769,0
1959,0
1283,0
5320,0
5157,1
457,0
3382,0
9168,0
2375,0
6189,0
832,1
1533,1
7238,0
1324,1
2845,1
6860,0
8445,0
3582,1
9787,0
4572,0
3820,1
4770,0
2643,1
2875,0
858,1
7733,0
362,0
4271,1
5385,0
3453,1
2800,1
3636,1
6608,0
1223,0
9555,0
7751,0
4064,1
2700,1
1416,1
1066,0
2549,0
8262,0
9131,0
5314,0
7084,0
7090,0
1065,1
6259,0
4102,1
4504,0
8049,0
6874,0
3167,0
3635,0
7570,0
1417,0
5024,0
5675,0
6408,0
4757,1
1592,1
8528,0
9628,0
118,1
2166,1
9686,0
4057,0
2032,0
3159,0
5751,0
6459,1
8860,0
3975,1
3477,1
7762,0
5669,0
5266,0
1433,1
3900,0
812,1
4286,0
9941,0
6851,0
9407,0
7652,0
7239,0
4487,1
5938,0
3190,0
7404,0
8061,0
9236,0
4895,0
8121,0
4866,0
479,0
9731,0
9366,1
335,0
9816,0
6859,0
6670,0
4619,0
93,1
8582,0
5240,0
443,1
7162,0
1124,1
968,0
2944,1
7286,0
6419,0
7464,0
6128,0
5772,0
8191,0
4172,0
278,1
9324,0
312,0
8969,0
7628,0
6094,0
7623,0
3767,0
6335,0
9146,0
4993,0
8252,0
4123,1
809,1
2807,1
5297,0
8071,1
2002,0
5741,0
595,1
6834,0
8434,0
4493,0
7237,0
4910,1
6568,0
6926,0
2026,1
9383,0
4841,1
9839,0
6693,0
5211,0
2764,1
3351,1
878,0
6972,0
1555,1
61,0
9389,0
74,1
8223,0
3674,0
779,1
8766,0
287,0
1755,0
3251,1
5870,0
5027,0
1183,0
6821,0
1563,0
2303,1
3315,1
9150,0
9062,0
5647,0
5514,0
8665,0
8007,0
6777,0
2536,0
2612,0
7949,0
2369,1
4584,0
5042,0
6458,0
5193,0
3380,0
743,0
524,1
1469,1
9126,0
1859,0
9643,0
7256,0
1961,1
3320,0
824,1
9477,0
3756,1
9893,0
7724,0
523,0
8943,0
9192,0
7493,0
230,1
515,1
1710,0
9782,0
7734,0
9614,1
6479,0
1129,0
8127,0
6754,0
847,1
2437,1
5138,1
3697,1
704,0
5009,0
8505,1
1220,0
7839,0
1570,0
2849,1
6262,0
4373,0
7028,0
1855,0
6055,0
693,0
3425,1
7341,0
6095,0
9554,0
5627,0
8704,0
5947,0
8388,0
3173,1
6967,0
1290,1
3807,0
2391,1
7918,0
2304,1
4820,0
9283,0
8504,0
7021,0
4028,1
4153,0
9188,0
8403,0
893,0
7866,0
6024,0
3735,0
7292,0
5913,0
5279,0
196,0
9247,1
3673,0
4547,1
4471,0
1274,0
7254,0
1696,1
9105,0
1700,0
9905,0
7375,0
9280,0
9783,0
7716,0
2580,1
1639,0
4212,1
9784,0
9936,0
7776,1
2152,0
3475,1
3259,0
1280,1
9850,1
8962,1
2535,1
5549,0
9340,1
3726,0
1767,0
6794,0
325,0
3313,0
6598,0
7527,0
3749,1
9644,0
1505,0
3035,0
7870,0
5121,0
534,0
5932,0
3034,1
1269,0
7714,0
9632,0
7069,0
9706,0
7510,0
7483,0
729,1
2481,0
8857,0
705,0
193,0
9913,0
2537,1
862,1
5805,0
9836,0
7768,0
98,0
5180,0
5155,0
8036,0
2173,1
581,1
1094,1
3198,0
4474,1
8032,1
1579,1
8517,0
7031,0
5298,0
7442,0
5525,1
9311,0
3535,1
4067,1
4735,1
9920,0
6698,0
5167,0
3127,0
762,0
7011,0
1917,0
182,0
4432,0
8059,0
2754,0
7125,0
8034,0
8682,0
5696,0
7329,0
9961,0
7191,0
9201,0
9620,0
8405,0
6373,0
3261,1
107,1
2455,0
9354,0
4038,1
3307,1
8629,0
9231,0
5436,0
1620,1
4435,1
1924,1
5548,0
5487,0
8600,0
3456,0
6393,0
9230,0
2901,1
6188,0
4822,1
9432,0
2341,1
2543,1
7979,0
8068,0
4211,1
5109,0
6960,0
1326,0
2830,1
2122,0
6629,0
7023,1
2610,1
3838,1
9942,0
5035,0
8928,0
883,1
8135,0
9246,0
3907,1
6743,0
8845,0
1371,0
6260,0
6232,0
599,0
29,1
8562,0
3277,0
3623,0
1438,1
7901,0
7039,0
3388,0
1347,1
8653,0
482,0
4564,0
7779,1
6744,0
6819,0
6148,0
2862,0
7841,0
5513,0
360,0
1144,1
4518,1
7566,0
2059,1
3227,0
585,0
9735,0
6635,0
640,1
9917,1
1878,1
6303,0
5016,0
539,0
8328,0
5164,0
2496,0
7678,0
2799,1
4845,0
3272,1
2112,1
2626,1
5930,0
4444,0
6706,0
8748,0
7348,0
437,1
1455,1
3303,0
128,0
2930,1
1733,0
2187,0
4034,0
2399,0
7960,1
8134,0
628,0
7112,0
9070,0
6663,0
8617,0
1557,1
586,1
9360,0
6426,0
1588,0
4285,1
2056,0
1609,1
3151,0
8619,0
2005,0
56,1
5142,0
4932,0
516,1
7992,0
3610,1
3370,1
9520,0
3814,1
2047,0
8267,0
949,0
8675,0
9861,0
8352,0
9607,0
4303,1
468,0
205,1
5067,0
3400,0
248,0
3087,0
1146,0
4024,0
5588,0
4279,0
2101,1
8717,0
879,1
1646,0
8773,0
1242,0
9255,0
6403,0
2435,1
7501,0
8764,0
3175,1
3534,0
8890,0
9600,0
2368,0
6673,1
1804,0
3452,1
4530,0
170,1
2743,0
5508,0
4865,1
3154,0
4969,0
3898,0
7024,1
7155,0
2609,1
3591,0
4178,0
8828,0
3434,0
3104,1
7176,0
9789,0
928,1
9296,0
8193,0
4467,1
9727,0
829,1
3108,1
5849,1
3204,0
2982,1
9908,0
2274,0
602,0
3312,1
8549,0
8952,1
5459,1
4183,1
9171,0
1391,1
7085,0
5357,0
7128,0
1128,0
825,1
7536,1
8900,0
2151,0
4792,1
387,1
1673,1
9930,0
8686,0
4742,0
769,0
8642,0
2839,0
614,1
2551,0
6110,0
4088,0
9697,0
2941,0
8623,0
1154,1
4483,0
456,1
3999,0
5745,0
9480,0
3824,0
9734,1
1625,0
6013,0
3472,0
8453,0
2501,0
1752,0
1562,1
6887,0
3156,0
1899,0
3319,0
3721,0
1669,0
4766,1
9125,0
1459,0
923,1
1263,0
3179,1
8933,0
508,1
4464,0
7650,0
5799,0
9464,0
3470,1
7475,0
8130,0
415,0
7410,0
1479,1
1349,1
3536,0
4978,1
1495,0
7912,0
1995,0
4623,1
8714,0
7928,0
2086,1
6690,0
4595,0
7157,0
4571,0
6788,0
3651,1
1311,0
2910,0
988,1
8119,0
5178,0
9295,0
2874,1
2968,0
9502,1
3162,0
8915,0
6105,1
5192,0
1134,1
3873,0
8407,0
8784,0
6747,0
1935,1
6328,0
251,0
6868,0
3052,0
9397,0
3708,0
8227,0
8093,0
7249,0
2550,0
4687,0
1677,0
235,0
9054,0
2493,0
3656,0
6336,0
7434,0
981,1
3310,1
2039,0
4688,0
3883,0
356,1
1340,1
6207,0
5550,0
1243,1
6878,0
2869,0
4353,0
227,0
4228,1
875,1
9100,0
805,0
3134,1
9999,0
1292,1
3180,1
5383,0
2018,1
7189,0
6231,0
7101,0
3774,1
215,0
8575,0
7783,0
1209,1
601,1
5690,0
8288,0
4310,0
7745,0
2994,1
2547,1
5997,0
6211,0
5335,0
8181,0
7396,0
7426,0
673,1
1232,1
1032,0
2828,1
679,0
7532,0
3297,1
7154,0
4522,0
3850,0
4388,0
4452,0
8959,0
9016,0
2428,0
1277,1
4103,0
9696,0
6545,0
3093,0
525,1
1498,1
5172,0
5129,0
7882,0
3178,0
4620,0
7290,1
1137,0
9281,0
4497,1
2856,1
9220,0
8699,0
7590,0
3595,0
5028,0
3879,1
2889,1
1576,1
6198,0
2060,1
6664,0
9602,0
7073,0
577,0
8910,0
4685,1
5202,0
239,1
9186,0
4037,0
5847,1
7160,0
4824,0
8099,0
5323,0
5520,1
3377,1
6342,0
5445,0
2629,1
3360,0
6129,0
2186,0
7473,0
1720,0
9090,0
9806,0
9621,1
8796,0
6910,0
1852,0
3328,1
7668,0
991,0
7907,0
2528,0
3155,0
320,0
8553,1
62,1
8798,0
3446,0
7816,0
6021,0
4602,0
6042,0
2957,0
7749,0
319,0
2837,1
3473,0
3634,1
712,0
1516,1
6304,0
4658,1
8691,0
3993,0
8901,0
748,1
478,1
9084,0
8731,0
1648,0
890,0
2071,0
2961,0
4371,1
3314,1
2138,1
5642,0
3785,1
1782,0
1302,1
1521,0
7721,0
3722,1
684,0
8213,0
1844,0
2330,0
9223,0
4267,1
5896,0
89,0
6296,0
5651,0
2514,1
8021,0
5391,0
460,1
6662,0
3238,0
2594,1
6803,0
1512,0
317,1
7797,0
9462,0
1668,0
9026,0
6659,1
1806,0
7077,0
4509,0
7852,0
3694,1
1730,1
8295,0
6167,0
2182,0
2072,1
483,0
7159,0
5883,0
7051,0
8443,0
2511,1
5225,0
9153,0
4881,1
409,0
9869,0
2842,0
9778,0
6007,0
9082,0
3660,0
1968,1
6185,0
6839,0
4704,1
7545,0
5952,0
5429,0
7273,0
7694,0
8376,1
4675,0
8219,0
5427,0
9677,0
6846,0
9646,0
1706,0
7399,0
354,1
2240,0
1091,1
6686,0
8514,0
8299,0
3572,0
7093,0
2410,1
117,0
4534,0
6075,0
1188,0
2454,1
8698,0
9133,0
2976,0
6153,1
4182,1
1281,1
3223,1
1605,0
8364,0
7281,0
5505,0
6208,0
5416,0
4297,0
8109,0
4134,1
9576,0
3816,1
5349,0
9005,0
9308,0
1676,1
2546,0
9149,0
1606,1
2229,0
9209,0
5150,0
9879,0
8518,0
919,1
9918,0
2611,0
3833,1
7689,0
8836,0
7791,0
6269,0
8268,0
495,1
4981,0
1889,1
4245,0
5287,0
374,1
7100,0
5564,0
4613,0
8251,0
2937,0
1569,1
38,0
8180,0
6315,0
5689,0
6964,0
1560,0
6171,0
2396,0
4634,1
977,1
9403,0
3497,0
8776,0
2472,1
4977,1
3882,1
8964,0
9467,0
8020,0
476,0
1827,1
195,1
9899,0
9014,0
8218,0
3406,0
2076,0
3637,0
1970,0
4423,1
5823,0
4090,0
2407,0
4490,1
4333,0
2283,0
6307,0
5482,0
4396,0
967,1
4442,0
9995,0
9411,0
7488,0
6781,0
5377,0
3339,1
9694,0
3268,0
1881,0
1275,1
2539,0
8048,0
8616,0
7296,0
4409,1
8418,0
4235,0
7307,0
3316,1
5097,0
1731,1
1966,1
5485,0
4089,0
8493,0
995,1
9671,0
4611,1
9163,0
5081,0
2296,0
1732,0
9288,0
3620,0
5760,0
4018,0
9430,0
4348,1
7985,0
5803,0
1226,0
2909,0
7481,0
9022,0
9501,0
8185,0
2532,1
6316,0
275,0
5461,1
9645,0
5927,0
7319,0
6359,0
6210,0
6473,0
6052,0
2846,0
3361,0
328,0
5616,0
9865,1
5821,0
3616,0
8332,0
1590,0
3443,0
7198,0
412,0
2058,0
4516,0
3988,1
2021,0
1831,1
828,0
8232,0
8459,0
4733,1
314,0
2464,0
6494,0
8719,0
2337,0
5539,0
6290,0
550,1
8195,0
5640,1
5066,1
1704,1
6526,0
1336,0
9714,1
9119,0
736,1
7253,0
5782,0
3359,0
3332,1
6579,0
8561,0
1619,1
7074,0
8601,0
1315,0
3422,1
2494,1
464,0
555,0
7295,0
2886,0
1751,1
556,0
5978,0
2644,1
6513,0
9166,0
678,0
2346,0
3815,1
8869,0
4924,1
7582,0
8277,0
383,0
874,1
6737,0
3119,1
6323,0
9957,0
9317,0
8461,0
9660,0
341,0
8763,0
818,0
866,1
2721,0
2233,0
4118,1
2826,0
5909,0
6156,0
7961,0
6047,0
4851,1
9297,0
280,1
2389,1
9611,0
418,0
5483,0
9265,0
2108,0
6234,0
654,1
50,1
1599,0
1825,1
2970,0
8936,0
2085,1
2142,1
2645,1
6212,0
9773,0
9086,0
2167,1
5251,0
6433,0
4460,0
4899,1
1769,0
8856,0
1540,0
5353,0
9478,0
5924,0
5645,0
7955,0
469,0
5634,0
3149,0
452,0
9101,0
8939,0
4131,0
2731,0
5910,0
854,0
7525,0
4536,0
4139,0
229,1
2732,0
7939,0
7383,0
6540,1
5346,0
1156,0
9049,1
4800,0
2244,0
4717,0
9548,0
4545,0
2174,1
7857,1
2315,0
1661,1
1221,1
3413,1
8535,0
716,1
4747,0
3009,0
3348,1
263,0
1979,0
1877,0
7729,0
6282,0
9996,0
1660,0
3036,0
7469,0
5894,0
2404,0
7657,0
9652,0
8739,0
5524,0
4206,0
773,0
2061,0
7405,0
5340,0
5261,0
4164,1
9377,0
5818,0
5085,0
7608,0
5411,0
7630,0
618,0
6465,0
8565,0
5522,0
3298,1
703,1
7236,0
3769,1
3060,1
557,1
8038,0
2165,0
9332,0
1698,0
357,0
9983,0
2574,0
7071,0
6421,0
6425,0
2465,1
7257,0
9094,0
5987,0
9669,0
8599,0
9588,0
948,1
6275,0
9155,0
3511,0
5310,0
3103,1
6413,1
6321,0
407,0
5000,0
5148,0
4021,0
2792,0
9482,0
5300,0
7769,0
6134,0
9788,0
2601,0
6217,0
1506,0
1003,1
9040,0
4269,1
5879,0
6077,0
3797,0
4425,0
1059,1
4455,0
1573,0
129,1
526,1
726,0
3600,0
4196,0
9811,0
7214,0
3299,0
3588,0
3058,1
484,1
1526,0
5859,0
5212,0
4967,1
5243,0
1598,0
5994,0
8674,0
1636,0
2248,1
1291,1
9174,0
6688,0
3984,0
7321,0
5727,0
4855,1
3197,1
2936,1
9937,0
303,1
5012,0
6063,0
5497,1
2827,1
9079,0
1213,1
622,0
1869,0
5532,0
9874,0
8808,0
8615,0
8756,0
632,0
64,0
3430,0
863,1
4218,0
4797,0
3638,1
8372,0
9416,0
3791,0
7016,0
5137,0
8614,0
6985,0
8792,0
3565,0
4226,0
369,1
8025,0
5168,0
6950,0
5515,0
514,1
201,1
5674,0
5953,0
462,1
2587,0
606,0
1545,1
1532,1
8833,0
6488,0
1943,1
7677,0
321,0
488,0
851,1
1233,0
4492,1
4309,0
7557,0
2117,1
719,0
7030,0
2457,1
5904,0
3137,0
2785,1
4935,0
7683,0
9263,0
2789,0
5406,0
5804,0
2701,1
2835,0
8499,0
5330,0
8793,0
3038,0
7365,0
8550,0
611,1
351,0
3353,0
1517,0
5414,1
998,0
8570,0
1587,1
8742,0
6033,0
4445,0
8178,0
5486,0
3483,0
7778,0
1019,0
5531,0
2715,0
17,1
155,0
8209,0
2600,0
6909,0
7823,0
1278,1
9574,0
9705,0
4668,0
6201,0
1327,1
8286,0
1508,0
5671,0
1337,1
2065,1
5126,0
4063,0
4799,0
8534,0
5523,0
4827,1
1287,1
634,1
2408,0
5181,0
3724,1
4403,0
2020,0
7739,0
2010,1
7231,0
2048,0
4239,0
4099,1
2953,0
5733,0
8560,0
5060,0
3442,0
425,1
7004,0
1136,1
7065,0
2733,0
2517,1
3513,0
2892,0
7279,0
7542,0
3375,0
8892,0
1026,1
8566,0
758,1
4773,1
2083,1
2498,0
7636,0
909,1
4986,0
8724,0
4175,0
9447,0
49,0
3421,0
4739,0
3326,1
3909,0
8651,0
242,0
3274,1
1309,0
6812,0
918,0
5788,0
1858,0
8190,0
3376,0
8713,0
9465,0
68,0
3411,0
674,1
6220,0
7119,0
247,0
9873,0
9881,0
7583,0
9268,0
3522,0
4158,0
5845,0
5450,0
1064,0
1989,1
2691,1
1018,1
3779,1
9895,0
5811,0
7799,0
5064,0
3147,0
4524,0
4903,0
2049,1
8415,0
8697,0
7026,0
8450,0
4642,1
273,0
8298,0
9636,0
1973,0
7550,0
2271,1
9241,0
3364,0
8922,0
6546,0
2098,1
3028,0
3675,0
2338,0
8097,0
5020,0
8606,0
2958,0
6554,0
4785,0
2119,1
6242,0
80,1
2581,0
2588,0
9886,0
474,1
9919,0
7140,0
5417,0
7053,0
9406,0
4540,0
6948,0
9649,0
7466,0
8259,0
7607,0
261,1
859,0
1500,0
3383,1
5131,0
1072,0
887,1
2394,0
4823,0
5160,1
1768,0
3247,0
7220,0
4741,1
6654,0
751,1
5641,0
6861,0
1791,1
4633,1
1641,0
2370,1
1985,1
2311,1
7597,0
7019,0
1503,0
9833,0
4498,1
8369,0
4679,0
7967,0
5098,0
9663,0
8657,0
1779,1
8735,0
542,1
8420,0
3659,0
4231,1
2226,1
5412,0
2562,0
33,1
6412,0
4861,0
9805,0
3439,0
1204,0
3580,0
133,1
5792,0
8013,0
8404,0
6714,1
9837,0
2530,1
6978,0
1719,0
9152,0
3682,0
653,1
2343,1
8322,0
1566,0
5292,0
4636,1
9269,0
5652,1
6357,1
8858,0
9337,0
2424,1
5447,0
3704,1
6178,0
794,1
7511,0
1073,1
886,0
4422,1
7512,0
1053,1
3969,0
5809,0
5220,0
888,0
9025,0
914,1
5119,0
2667,0
5789,0
5679,0
1361,1
1351,0
7166,0
9793,0
7063,0
6643,0
9496,0
3547,0
6718,0
311,1
4519,0
3275,1
3488,1
5396,0
7987,0
7541,0
1830,1
2177,0
2636,1
497,1
7219,0
6401,0
4962,1
3958,0
2881,1
465,1
5443,0
1346,0
3234,0
721,1
3640,1
5250,0
3140,0
3337,0
6746,0
9638,1
1101,0
109,1
2660,0
6733,0
4761,1
6853,0
7602,0
1749,1
4491,1
2476,1
2433,1
185,0
8112,0
147,0
830,0
6180,0
1447,1
1342,1
2515,0
6005,0
3209,1
5795,0
7313,0
6270,0
2133,0
4116,1
1923,0
4550,0
885,0
2256,0
6206,0
507,0
3232,0
2157,1
2689,1
7137,0
5270,0
5526,0
3569,0
877,1
2641,0
5158,0
1182,0
4961,1
5908,0
156,1
7394,0
1484,0
8942,0
7986,0
2307,1
6820,1
6064,0
8853,0
6121,0
7379,0
6682,0
5501,0
5291,0
7615,0
1103,0
4889,1
6906,1
6547,0
4721,0
3821,1
4780,1
608,1
8256,0
4786,1
9136,0
1644,1
7843,0
1407,1
5326,0
1561,1
9361,0
826,1
1628,0
4844,1
8583,0
4358,1
7233,0
6500,0
3393,1
6327,0
7215,0
3625,1
5306,0
4630,0
1076,0
9164,0
6941,0
2998,0
9362,0
1402,1
2707,1
4931,1
291,0
3946,1
718,1
4821,1
4384,1
4652,0
3965,0
2654,0
6727,0
3109,0
472,0
644,1
543,1
4544,0
4737,0
7898,0
6691,0
6891,0
7046,0
579,0
1992,0
5356,0
2266,0
1357,1
2237,0
6149,0
741,0
8851,0
7503,1
5047,0
9349,0
9234,0
3018,0
8538,0
9975,0
9271,0
2676,0
5693,0
5509,0
604,0
8941,0
7470,0
4288,0
1781,0
4694,0
5829,0
9689,0
9253,0
737,1
9896,0
4291,1
4946,1
5725,0
5413,0
9113,0
661,0
5094,0
6265,0
9218,0
1624,1
8088,0
2185,0
9925,0
978,0
5663,0
6753,0
924,0
2380,0
4591,1
9779,0
2292,0
6249,0
5595,0
6124,0
3875,1
5244,1
3084,0
6536,0
639,1
3604,0
5080,0
1392,1
6078,0
4618,1
5061,0
8495,0
7007,0
4706,0
5014,0
5585,0
7800,0
5882,1
9810,0
2801,1
9372,0
4416,0
380,0
2411,0
6505,0
7855,0
9299,0
4352,0
9675,0
958,0
4991,0
8494,0
9027,0
7554,0
96,0
5369,0
6871,0
6805,0
4414,1
4581,1
6707,0
7110,0
2336,1
3243,0
5802,0
8335,0
3128,1
3415,1
9630,0
5068,0
1042,0
3230,0
7304,0
3544,0
4928,1
5807,0
970,0
6267,0
6346,0
5544,0
6354,0
9549,1
686,0
1611,0
9560,0
9516,0
7336,0
6199,0
6543,0
8891,0
9595,1
7860,0
7705,0
2656,0
7622,0
8321,0
4994,0
9890,0
7380,0
9439,0
3203,0
477,0
2637,0
2436,1
1885,1
3695,1
9421,0
5815,0
111,1
6447,0
1308,0
6710,0
3510,1
9797,0
9736,0
7893,0
8349,0
9892,1
164,1
3619,1
6904,0
8220,0
1007,0
1441,0
4923,0
3366,0
4996,1
7131,0
9526,0
7875,0
6537,0
5170,0
4441,1
7242,0
3081,1
2972,0
1546,1
2767,1
3700,1
6332,0
200,1
7905,0
402,0
4960,1
4788,1
5738,0
8658,0
2659,1
4395,1
518,0
1062,1
7325,0
7229,0
2921,0
4278,0
7594,0
228,1
2162,1
985,1
8319,0
9357,0
6711,0
1957,1
5757,0
2531,1
1333,1
5866,0
6244,0
9973,0
1405,1
1382,0
3502,0
7863,0
6980,0
5055,0
4501,1
1427,1
6616,0
6506,0
3713,1
9123,0
3626,1
5808,0
4026,1
3655,0
5173,0
316,1
6854,0
9254,0
1158,0
2459,0
5415,0
6611,0
296,0
2253,0
5800,0
9098,0
8581,0
110,0
1196,0
8641,0
8758,0
6828,0
4934,1
3207,1
7742,0
8720,0
8559,0
6261,0
6969,0
8287,0
7629,0
4975,0
9442,0
8480,0
670,1
9933,0
8633,0
5258,0
7970,0
3829,0
6415,0
8729,0
1928,0
803,0
8398,0
4926,1
4390,1
6855,0
3214,0
6937,0
2929,0
7416,0
5242,0
4502,1
3433,0
3642,0
2379,1
1488,1
9832,0
3596,1
9393,0
4521,0
5851,0
1047,1
7368,0
3335,0
3647,1
1666,1
5022,0
1990,1
8727,0
4842,1
4179,0
1235,0
6187,0
9525,0
6605,0
5308,0
9775,0
7828,0
6551,0
7135,0
2037,1
458,0
3283,0
6491,0
2675,1
2766,1
617,1
2774,0
7811,0
8197,0
3585,1
1350,0
154,0
5420,0
1651,0
8521,1
4565,1
1759,1
4984,0
5344,0
2917,0
2212,0
1317,0
4745,1
3754,0
1231,1
9161,0
1938,1
545,0
5624,0
14,1
956,0
3699,0
1004,1
3948,0
790,1
3090,0
9944,0
7989,0
9592,0
5937,0
1657,0
6467,0
1683,1
6921,0
8775,0
9532,0
3024,1
5107,0
5189,0
343,1
7702,0
8852,0
9471,0
3692,1
115,0
1934,1
7708,0
1497,1
3451,1
4402,0
8074,0
7795,0
6069,0
4378,0
528,0
4970,0
2175,0
370,0
3045,1
8001,0
7735,0
7530,0
5048,0
3296,1
5086,0
6239,0
574,1
4782,0
3828,0
6865,0
3918,1
6738,0
3096,0
793,1
839,0
7858,0
9266,0
6157,0
8554,0
333,0
4160,1
4308,1
1413,0
384,1
5339,0
8552,0
9767,0
7624,0
9506,0
1975,0
5694,0
5926,0
4059,1
5963,0
7738,0
2264,0
76,1
6669,0
6325,0
5654,0
7323,0
1839,0
5567,1
9135,0
4939,0
1600,0
4713,0
6427,0
1870,1
3196,0
8257,0
3533,1
1802,0
6724,0
2070,1
7814,0
6043,0
929,0
5389,0
7136,0
5272,0
3176,1
8672,0
4166,1
2017,1
7360,0
9627,0
1360,1
5367,0
4316,0
491,1
925,1
5187,0
7552,0
2684,0
3423,0
8238,0
5091,0
1429,1
4575,1
3789,1
7856,0
6740,0
5498,0
850,1
9719,0
2378,1
4831,0
9497,0
8904,0
6337,0
7820,0
3509,0
6118,1
3528,1
6567,1
1424,0
5575,0
8839,0
6448,0
7534,0
4526,1
4549,1
8847,0
4376,1
2068,0
7962,0
4641,0
8511,0
6641,0
7596,0
7080,0
9909,0
1141,1
696,1
4968,0
4557,1
6166,0
1193,1
944,1
993,0
208,1
116,0
2140,0
4763,1
8056,0
7817,0
9344,1
8586,0
3057,0
7477,0
2557,0
8186,0
2878,0
7569,0
1206,0
5554,0
8474,0
3458,0
6268,0
4195,1
8409,0
2918,0
4783,0
5568,0
7142,0
6073,1
6866,0
7915,0
9959,0
2429,1
5499,0
8466,1
4814,0
1070,0
5239,1
1036,0
2625,0
3552,0
4281,0
9445,0
5970,0
5316,0
3074,1
1039,1
8734,0
2046,1
8320,0
4528,0
7995,0
3589,1
2960,0
6122,0
1457,1
9885,0
5661,0
6519,1
5355,0
3826,0
3858,0
2722,0
4947,1
6277,0
6620,0
4815,0
9866,0
2063,0
8000,0
6183,0
3208,1
625,1
1603,0
6292,0
6771,0
5724,0
6152,0
9474,0
3558,0
9746,0
4389,0
6885,0
3897,0
6446,0
3117,1
6895,0
1482,1
3597,0
5759,0
714,0
3206,0
2487,1
6666,0
8496,0
3007,0
8041,0
8382,0
6372,0
2841,0
3523,0
6913,0
4847,0
1390,0
7022,0
1089,1
3857,0
120,0
1011,0
2756,0
9410,0
8040,0
9276,0
1044,1
5152,0
4156,1
9364,0
3145,1
5837,1
4833,1
8125,0
9325,0
2750,1
1227,0
7761,0
323,0
1850,1
3689,1
3012,0
7034,0
8957,0
5224,0
6057,0
8164,0
5241,0
7059,0
2319,0
5816,1
6090,0
6705,0
2024,0
8983,0
7618,0
7346,0
663,1
1205,1
4892,1
9061,0
8897,0
175,1
222,1
6348,0
5295,0
3240,1
6600,0
2679,1
1356,1
8333,1
7411,0
9653,0
6233,0
6899,0
5865,0
4691,1
8887,0
4447,1
7289,0
4732,1
4778,0
5327,0
4276,1
5495,0
940,1
6681,0
7722,0
2815,0
4191,1
2903,1
8296,0
2583,1
7452,0
3064,0
5093,0
8058,0
8337,0
672,0
9290,0
2831,0
8392,0
3681,1
6398,0
1880,1
7793,0
9708,0
1654,1
9963,0
5070,0
881,1
6250,0
6407,0
1087,1
7389,0
7670,0
7586,0
3866,0
4940,1
7764,0
238,0
4992,0
1423,1
3487,0
2880,0
3982,0
48,0
5876,0
4180,1
3934,1
7954,0
1665,1
8956,1
9834,0
3786,0
2084,1
9320,0
2156,0
5643,0
1667,0
734,0
8783,0
6362,0
986,1
9910,0
2933,1
3520,0
3194,1
2883,0
9418,0
6601,0
8371,0
2607,1
9080,0
1953,1
7982,0
5418,0
582,0
7869,0
8282,0
5956,0
8934,0
9000,0
801,1
3751,0
2575,0
6998,0
6117,0
2821,0
6953,0
7035,0
6397,0
6308,0
4943,0
5371,0
8914,0
1387,0
2320,0
7699,0
5607,0
9145,0
6169,0
5253,0
4886,1
3835,1
9498,0
4207,0
5154,0
7885,0
7052,0
8660,0
1792,1
9433,0
5681,0
9519,0
8765,0
1208,0
5739,0
9485,0
2708,1
6975,0
1972,1
7964,0
5573,0
6402,0
209,0
899,0
5141,0
7613,0
6352,0
4592,0
2956,0
7865,0
5265,0
9926,0
6068,0
2867,1
6717,0
259,1
4428,1
9261,0
3288,0
6288,0
8222,0
1040,1
5785,0
7789,0
6132,0
7213,0
3911,1
9970,0
3702,1
8233,0
2650,0
7884,0
4393,0
158,1
5993,0
2526,1
8076,0
3981,0
1915,1
6893,0
121,1
8689,1
5090,0
546,1
789,1
8383,0
3408,1
6518,0
6584,0
651,0
9087,0
9940,0
1820,0
6240,0
2971,1
6685,0
1875,0
8849,0
7491,0
9470,0
3248,1
8264,0
91,1
2541,1
2945,1
7412,0
6956,0
2852,1
5286,0
1133,1
148,1
6160,0
5529,0
9057,0
4859,1
1323,0
9521,0
8484,0
619,0
6552,0
4329,0
5449,0
6833,0
5102,1
5923,0
6973,0
7518,0
2565,0
3868,0
2413,0
212,0
5687,0
880,0
9829,0
7097,0
2282,0
5198,0
8475,0
707,1
9378,1
7639,0
127,0
3292,1
3391,0
8819,0
3615,1
2357,0
6804,0
146,1
8944,0
9641,0
2813,0
67,1
1504,0
6961,0
2712,1
744,0
6151,0
813,1
7269,0
4015,0
7517,1
7314,0
3592,1
2062,0
2854,1
1892,1
3216,1
3138,1
4440,0
8248,0
7228,0
7322,0
537,0
541,0
757,1
4213,0
658,1
2107,1
7562,1
6487,0
8725,0
5184,0
4143,0
2603,0
4818,0
7873,0
6324,0
1507,0
5376,0
1689,1
8438,0
5475,0
9571,0
1717,1
9256,0
9692,0
1481,1
4301,0
3323,1
8627,0
2479,1
2582,0
9279,0
3067,0
6018,0
163,1
3089,1
8695,0
2302,1
4136,0
2489,1
4430,1
6243,0
6550,1
8465,0
7876,1
4251,1
942,1
6835,0
9038,0
6599,0
8100,0
8155,0
4918,1
7707,1
1963,0
5273,0
8292,0
2003,1
9250,0
2975,0
192,1
2309,0
7978,0
3842,1
8800,0
87,1
894,0
6625,0
7807,0
6096,0
307,0
8622,0
9567,0
8707,0
3220,1
1998,0
1406,0
8795,0
9596,0
9449,0
6626,0
2905,0
5903,0
4966,1
2538,0
5855,0
4624,0
5125,0
7320,0
4594,0
4242,0
9851,0
7765,0
7516,1
2655,1
3913,0
5162,0
4956,0
2421,1
2858,1
7697,0
4758,0
3709,0
5552,0
7973,0
2896,1
7366,0
2678,0
7519,0
8482,0
7261,0
4979,1
3904,1
8368,0
8595,0
567,0
6583,0
6190,0
1565,0
5134,0
4912,1
8767,0
137,0
3825,0
7168,0
4754,1
2682,0
4151,0
8230,0
6736,0
9774,0
1630,0
8084,0
3920,1
4360,1
54,1
8177,0
975,0
2877,0
566,0
3493,1
3255,0
1574,0
151,0
2120,0
2615,0
3526,1
119,1
5019,0
5058,0
3584,0
5161,0
8011,1
6987,0
5005,0
9845,0
3614,1
8569,0
8430,0
8859,0
5537,0
8143,0
6651,0
3553,0
7403,0
496,1
4113,0
9729,1
8594,0
3043,1
722,0
6916,0
5087,0
1099,1
429,0
3752,0
1635,1
2468,1
2624,1
1090,0
4324,1
3281,1
3729,1
5246,0
1428,0
2009,1
3172,1
4599,0
2783,0
9129,0
2103,0
7577,0
404,0
1268,1
7108,0
5735,0
5312,0
5858,0
6769,1
4585,0
4729,1
6995,0
7506,0
190,0
2099,1
1211,1
7291,0
3753,1
1703,1
2524,1
9298,1
1509,0
6291,0
5974,0
6146,0
7246,1
745,1
6883,0
4040,0
1834,0
558,1
181,1
8063,0
1106,1
7673,0
7414,0
3846,0
7553,0
9753,0
2784,0
1216,0
4274,0
8009,0
1932,1
6281,0
3221,0
7244,0
165,0
4307,0
9132,0
2804,1
3055,1
5491,0
3910,0
4104,0
6484,0
9060,0
7223,0
4997,0
9456,0
2007,1
4503,0
8994,0
8469,0
9528,0
6965,0
338,0
6949,0
6680,0
3967,1
3994,0
7871,0
3800,0
5053,0
224,1
1250,0
3027,1
3983,0
331,1
2038,0
5806,0
2192,1
3574,1
3083,1
4974,0
6943,1
3429,1
4475,1
2191,0
7391,0
421,0
4751,1
3731,0
8810,0
3004,1
8924,0
5656,1
8359,0
5430,0
4224,1
8402,0
5254,0
4718,1
274,0
9590,0
6570,0
302,1
3586,1
2725,1
313,0
5479,0
3392,1
7283,0
6842,0
7692,1
6565,0
9720,0
7766,0
5511,0
6976,0
294,1
5030,0
7076,0
7195,0
8723,0
8537,0
4639,1
3548,1
1539,0
4386,0
4760,0
8507,0
9020,0
6702,0
88,1
960,1
9657,0
6873,0
5017,0
4958,1
5117,0
2247,0
9698,0
6230,0
2694,0
4363,1
2563,0
9121,0
6353,0
9367,0
5219,0
9370,0
9479,0
5983,0
5730,0
7382,0
1341,1
8384,0
8597,0
1173,0
4174,1
4860,0
6088,0
8637,0
8888,0
3321,0
1217,0
7571,0
8970,0
8092,0
5454,0
5945,0
7927,0
4816,1
3046,1
4331,1
6432,0
8460,0
6773,0
9106,0
8558,0
2695,0
5623,0
7048,0
4216,0
8920,0
2916,0
9196,0
4127,1
2402,0
9262,0
3658,1
5720,0
3071,0
4525,0
9654,0
1851,0
4356,0
8089,0
8022,0
7632,0
6986,0
6696,0
2748,0
7930,0
2606,1
5466,0
2444,1
2445,0
3667,0
8124,0
3949,0
8608,0
7373,0
6936,0
5796,0
8607,0
90,1
3086,1
4047,1
4043,0
9798,0
5052,0
2228,1
8397,0
2773,0
6591,0
7616,0
8485,0
8098,0
6091,1
3199,0
8472,0
5186,0
9205,0
3770,1
6254,0
6120,0
5980,0
8476,0
6541,0
2208,1
8200,0
955,1
392,1
7364,0
6933,0
1410,1
2082,1
8361,0
7209,0
9176,0
3923,1
5456,0
7453,0
2617,0
4215,1
7656,0
7763,0
3645,0
9376,0
3851,1
7546,0
1230,0
9870,0
8547,0
6046,0
7432,0
7164,0
4020,1
2745,1
5867,1
3066,1
4199,0
5965,0
8272,0
8976,0
1871,0
6468,0
2263,0
1960,0
5911,0
3652,0
5260,0
7894,0
6279,0
1761,0
1900,1
8716,0
7207,0
7482,0
538,0
9130,0
3834,1
3776,0
5668,1
7520,0
28,1
3865,0
2648,0
3606,0
1718,0
9195,0
9679,0
4270,1
3747,1
4988,1
1074,1
2919,0
2036,1
8231,0
7462,0
6445,0
9935,1
6776,0
1214,0
3613,1
6655,0
8745,0
7646,0
4408,1
211,0
5183,1
706,0
3622,1
3436,0
3939,1
9001,0
4764,0
9992,0
2434,0
5011,0
9059,0
4100,0
1067,0
8208,0
788,0
9437,0
4295,1
3088,0
2822,1
4438,1
36,1
7588,0
8981,0
4479,1
8863,0
1872,1
3077,1
2450,0
4150,0
4264,0
8305,0
8844,0
6012,0
6385,0
4144,0
7755,0
3559,0
7020,0
7896,0
4304,0
2507,0
8688,0
1549,1
811,0
4708,0
9863,0
6623,0
8441,0
4244,1
8240,0
7385,0
8712,0
6173,0
738,0
6391,0
9213,0
4234,1
2000,1
7642,0
9842,0
9199,0
5123,0
9405,0
2316,1
7006,0
1848,1
2317,1
4647,0
6779,0
1713,1
5774,0
3664,0
6713,0
391,1
5711,0
1616,0
7081,0
9392,0
3550,0
7844,0
5670,0
7088,0
1931,0
7202,0
7152,0
1956,0
1319,1
2067,0
2935,0
3496,1
2224,1
2213,0
7515,0
4292,1
3571,0
4876,1
5217,0
2293,0
436,0
3072,0
6439,0
5857,0
4488,1
7710,0
9511,0
6524,0
1682,1
7369,0
1525,0
1127,0
2844,1
9303,0
5510,0
3153,1
7479,0
6452,0
1801,1
5374,0
4985,1
3878,1
7001,0
3977,1
9426,0
5750,0
254,1
6977,0
4185,1
4539,0
5503,0
4189,0
6792,0
8083,0
5527,0
2147,0
517,0
6798,0
3843,1
2939,0
9803,0
2452,1
1218,1
2414,1
897,0
4982,0
8556,0
8812,0
8880,0
9398,0
976,1
2681,0
896,0
8026,0
3759,0
2577,1
9013,1
3492,1
8111,0
7226,0
1396,1
5600,0
5722,0
4902,1
5440,0
4459,0
7924,0
7737,0
1354,1
6556,0
6140,0
5664,0
57,0
8301,0
7759,0
174,0
9043,0
1756,1
1758,1
8805,0
5944,0
6922,0
4253,0
8779,0
6028,0
3118,1
481,1
9570,0
4277,1
1757,1
3063,1
8927,0
8096,0
8116,0
5199,0
1068,1
1364,1
3257,1
2578,1
6589,0
2383,0
8110,0
1659,0
5004,0
4699,1
2666,1
5713,0
393,1
5775,0
8201,0
9237,1
2308,1
2223,0
9052,0
8004,0
204,0
6184,0
4030,1
3771,1
6609,0
1528,1
9772,0
455,1
5541,1
5384,0
3677,0
3976,1
3501,1
7997,0
9711,0
7014,0
277,0
6367,0
218,0
2463,0
5216,0
1950,1
4674,1
7853,0
1739,1
27,1
8683,0
1199,0
5144,0
2964,0
6827,0
3741,1
3919,1
9151,0
3135,0
2544,0
7638,0
3568,0
4576,1
1446,0
763,0
6010,0
4137,0
1353,0
2206,0
300,0
7537,0
6382,0
9931,0
4011,0
7439,0
5257,1
9702,0
4538,1
6338,0
1252,0
3048,1
7370,0
7171,0
1037,0
6896,0
8854,0
5428,0
4339,1
8413,0
2622,0
122,0
9356,0
9976,0
3440,1
4700,1
9495,0
7899,0
3107,0
4214,1
9085,0
5171,0
8802,0
4192,0
3894,0
4217,0
8266,0
8192,0
5289,0
2144,1
7055,0
6434,0
5878,0
3839,0
1780,1
6712,0
9078,0
5147,0
5457,0
8530,0
5238,0
2420,0
7194,0
5635,0
610,1
7248,0
8385,0
1331,1
6884,0
6588,0
1672,1
4221,0
4115,0
7158,0
3541,0
4003,0
7505,0
7509,0
289,0
1256,1
3486,1
8442,1
